WSI,FULL_NAME,GPS,ELEVATION,DIST_KM,BEGIN_DATE,END_DATE,API30,BO,C-C1Av,C-C1Co,C-C1Mn,C-C1Mx,C-C2Av,C-C2Co,C-C2Mn,C-C2Mx,C-C3Av,C-C3Co,C-C3Mn,C-C3Mx,C-H1Av,C-H1Co,C-H1Mn,C-H1Mx,C-H2Av,C-H2Co,C-H2Mn,C-H2Mx,C-H3Av,C-H3Co,C-H3Mn,C-H3Mx,C-I1Co,C-I1Md,C-I1Su,C-I2Co,C-I2Md,C-I2Su,C-I3Co,C-I3Md,C-I3Su,C-MLAv,C-MLI,Casmax,D,D10,DE,Dmax,Dprum,E,F,Fmax,Fprum,Gph850,Gph925,H,JI,KR,LE,ML,MS,N,NA,P,P_hm,RDIF10,RDIF1H,RDIR1H,REUV10,REUV1H,RGLB10,RGLB1H,RGLB_D,RLWD1H,RO,SCE,SCEa,SCEdif,SN,SNO,SRA,SRA10M,SRA1H,SSV,SSV10M,SSV1H,SV,SVH,SVHa,T,T05,T10,T100,T20,T50,TMA,TMI,TMInoc,TPM,Td,VV,VY,W1,W2,ppp,ww
0-203-0-20407036001,Chotyně,"50.838970,14.871750",260.0,3.462946042883892,2016-05-11T15:40:00Z,3999-12-31T23:59:00Z,True,False,False,False,False,False,False,False,False,False,False,False,False,False,False,False,False,False,False,False,False,False,False,False,False,False,False,False,False,False,False,False,False,False,False,False,False,False,False,False,False,False,False,False,False,False,False,False,False,False,False,False,False,False,False,False,False,False,False,False,False,False,False,False,False,False,False,False,False,True,False,True,False,True,True,True,True,False,False,False,False,True,False,False,False,False,False,False,False,False,False,False,False,False,False,False,False,False,False,False
0-203-0-20407036001,Chotyně,"50.838970,14.871750",260.0,3.462946042883892,2013-05-01T00:00:00Z,2016-05-11T15:39:00Z,True,False,False,False,False,False,False,False,False,False,False,False,False,False,False,False,False,False,False,False,False,False,False,False,False,False,False,False,False,False,False,False,False,False,False,False,False,False,False,False,False,False,False,False,False,False,False,False,False,False,False,False,False,False,False,False,False,False,False,False,False,False,False,False,False,False,False,False,False,True,False,True,False,True,True,True,True,False,False,False,False,True,False,False,False,False,False,False,False,False,False,False,False,False,False,False,False,False,False,False
0-203-0-20407036001,Chotyně,"50.836700,14.870300",260.0,3.7327691172798083,1963-06-01T00:00:00Z,2005-06-30T23:59:00Z,True,False,False,False,False,False,False,False,False,False,False,False,False,False,False,False,False,False,False,False,False,False,False,False,False,False,False,False,False,False,False,False,False,False,False,False,False,False,False,False,False,False,False,False,False,False,False,False,False,False,False,False,False,False,False,False,False,False,False,False,False,False,False,False,False,False,False,False,False,True,False,True,False,True,True,True,True,False,False,False,False,True,False,False,False,False,False,False,False,False,False,False,False,False,False,False,False,False,False,False
0-203-0-20407036001,Chotyně,"50.836580,14.869360",257.0,3.7769905179749492,2005-07-01T00:00:00Z,2013-03-31T23:59:00Z,True,False,False,False,False,False,False,False,False,False,False,False,False,False,False,False,False,False,False,False,False,False,False,False,False,False,False,False,False,False,False,False,False,False,False,False,False,False,False,False,False,False,False,False,False,False,False,False,False,False,False,False,False,False,False,False,False,False,False,False,False,False,False,False,False,False,False,False,False,True,False,True,False,True,True,True,True,False,False,False,False,True,False,False,False,False,False,False,False,False,False,False,False,False,False,False,False,False,False,False
0-203-0-20407033001,"Chrastava, Dolní Vítkov","50.840800,14.961700",350.0,5.379838807929489,1961-01-01T00:00:00Z,1986-01-31T23:59:00Z,True,False,False,False,False,False,False,False,False,False,False,False,False,False,False,False,False,False,False,False,False,False,False,False,False,False,False,False,False,False,False,False,False,False,False,False,False,False,False,False,False,False,False,False,False,False,False,False,False,False,False,False,False,False,False,False,False,False,False,False,False,False,False,False,False,False,False,False,False,True,False,True,False,True,True,False,False,False,False,False,False,True,False,False,False,False,False,False,False,False,False,False,False,False,False,False,False,False,False,False
0-203-0-20407034001,Chrastava,"50.818720,14.958610",314.0,6.840295145036649,2013-09-10T00:00:00Z,3999-12-31T23:59:00Z,True,True,False,False,False,False,False,False,False,False,False,False,False,False,False,False,False,False,False,False,False,False,False,False,False,False,False,False,False,False,False,False,False,False,False,False,False,False,False,False,True,False,False,False,False,False,False,False,False,False,True,True,True,True,True,False,True,False,False,False,False,False,False,False,False,False,False,False,True,True,False,True,True,True,True,True,True,False,False,False,True,True,False,False,False,False,False,False,False,False,False,False,False,False,False,False,False,False,False,False
0-203-0-20407034001,Chrastava,"50.818110,14.958390",310.0,6.882774329658781,1988-01-01T00:00:00Z,2013-09-09T23:59:00Z,True,True,False,False,False,False,False,False,False,False,False,False,False,False,False,False,False,False,False,False,False,False,False,False,False,False,False,False,False,False,False,False,False,False,False,False,False,False,False,False,True,False,False,False,False,False,False,False,False,False,True,True,True,True,True,False,True,False,False,False,False,False,False,False,False,False,False,False,True,True,False,True,True,True,True,True,True,False,False,False,True,True,False,False,False,False,False,False,False,False,False,False,False,False,False,False,False,False,False,False
0-203-0-20407027001,"Mníšek, Fojtka","50.827800,15.058600",395.0,12.162299407915905,1989-12-01T00:00:00Z,1997-04-30T23:59:00Z,True,True,False,False,False,False,False,False,False,False,False,False,False,False,False,False,False,False,False,False,False,False,False,False,False,False,False,False,False,False,False,False,False,False,False,False,False,False,False,False,True,False,False,False,False,False,False,False,False,False,True,True,True,True,True,False,True,False,False,False,False,False,False,False,False,False,False,False,True,True,False,True,True,True,True,False,False,False,False,False,True,True,False,False,False,False,False,False,False,False,False,False,False,False,False,False,False,False,False,False
0-203-0-20407027001,"Mníšek, Fojtka","50.827800,15.058600",395.0,12.162299407915905,2003-06-01T00:00:00Z,2011-07-31T23:59:00Z,True,True,False,False,False,False,False,False,False,False,False,False,False,False,False,False,False,False,False,False,False,False,False,False,False,False,False,False,False,False,False,False,False,False,False,False,False,False,False,False,True,False,False,False,False,False,False,False,False,False,True,True,True,True,True,False,True,False,False,False,False,False,False,False,False,False,False,False,True,True,False,True,True,True,True,False,False,False,False,False,True,True,False,False,False,False,False,False,False,False,False,False,False,False,False,False,False,False,False,False
0-203-0-20407027001,"Mníšek, Fojtka","50.827250,15.058560",395.0,12.181225058560159,2011-08-01T00:00:00Z,3999-12-31T23:59:00Z,True,True,False,False,False,False,False,False,False,False,False,False,False,False,False,False,False,False,False,False,False,False,False,False,False,False,False,False,False,False,False,False,False,False,False,False,False,False,False,False,True,False,False,False,False,False,False,False,False,False,True,True,True,True,True,False,True,False,False,False,False,False,False,False,False,False,False,False,True,True,False,True,True,True,True,False,False,False,False,False,True,True,False,False,False,False,False,False,False,False,False,False,False,False,False,False,False,False,False,False
0-203-0-20407027001,"Mníšek, Oldřichov v Hájích","50.837200,15.067500",390.0,12.4394532848308,1970-01-01T00:00:00Z,1989-10-01T23:59:00Z,True,True,False,False,False,False,False,False,False,False,False,False,False,False,False,False,False,False,False,False,False,False,False,False,False,False,False,False,False,False,False,False,False,False,False,False,False,False,False,False,True,False,False,False,False,False,False,False,False,False,True,True,True,True,True,False,True,False,False,False,False,False,False,False,False,False,False,False,True,True,False,True,True,True,True,False,False,False,False,False,True,True,False,False,False,False,False,False,False,False,False,False,False,False,False,False,False,False,False,False
0-203-0-20407027001,"Mníšek, Oldřichov v Hájích","50.852000,15.087000",475.0,13.477292662681771,1955-12-01T00:00:00Z,1959-09-30T23:59:00Z,True,True,False,False,False,False,False,False,False,False,False,False,False,False,False,False,False,False,False,False,False,False,False,False,False,False,False,False,False,False,False,False,False,False,False,False,False,False,False,False,True,False,False,False,False,False,False,False,False,False,True,True,True,True,True,False,True,False,False,False,False,False,False,False,False,False,False,False,True,True,False,True,True,True,True,False,False,False,False,False,True,True,False,False,False,False,False,False,False,False,False,False,False,False,False,False,False,False,False,False
0-203-0-20407027001,"Mníšek, Oldřichov v Hájích","50.852000,15.087000",475.0,13.477292662681771,1959-12-01T00:00:00Z,1969-09-30T23:59:00Z,True,True,False,False,False,False,False,False,False,False,False,False,False,False,False,False,False,False,False,False,False,False,False,False,False,False,False,False,False,False,False,False,False,False,False,False,False,False,False,False,True,False,False,False,False,False,False,False,False,False,True,True,True,True,True,False,True,False,False,False,False,False,False,False,False,False,False,False,True,True,False,True,True,True,True,False,False,False,False,False,True,True,False,False,False,False,False,False,False,False,False,False,False,False,False,False,False,False,False,False
0-203-0-20407027001,"Mníšek, Oldřichov v Hájích","50.852200,15.087200",420.0,13.488661567038973,1951-01-01T00:00:00Z,1954-09-30T23:59:00Z,True,True,False,False,False,False,False,False,False,False,False,False,False,False,False,False,False,False,False,False,False,False,False,False,False,False,False,False,False,False,False,False,False,False,False,False,False,False,False,False,True,False,False,False,False,False,False,False,False,False,True,True,True,True,True,False,True,False,False,False,False,False,False,False,False,False,False,False,True,True,False,True,True,True,True,False,False,False,False,False,True,True,False,False,False,False,False,False,False,False,False,False,False,False,False,False,False,False,False,False
0-203-0-20407027001,"Mníšek, Oldřichov v Hájích","50.852200,15.087200",420.0,13.488661567038973,1897-05-01T00:00:00Z,1915-12-31T23:59:00Z,True,True,False,False,False,False,False,False,False,False,False,False,False,False,False,False,False,False,False,False,False,False,False,False,False,False,False,False,False,False,False,False,False,False,False,False,False,False,False,False,True,False,False,False,False,False,False,False,False,False,True,True,True,True,True,False,True,False,False,False,False,False,False,False,False,False,False,False,True,True,False,True,True,True,True,False,False,False,False,False,True,True,False,False,False,False,False,False,False,False,False,False,False,False,False,False,False,False,False,False
0-203-0-20407027001,"Mníšek, Oldřichov v Hájích","50.852200,15.087200",420.0,13.488661567038973,1955-05-01T00:00:00Z,1955-11-30T23:59:00Z,True,True,False,False,False,False,False,False,False,False,False,False,False,False,False,False,False,False,False,False,False,False,False,False,False,False,False,False,False,False,False,False,False,False,False,False,False,False,False,False,True,False,False,False,False,False,False,False,False,False,True,True,True,True,True,False,True,False,False,False,False,False,False,False,False,False,False,False,True,True,False,True,True,True,True,False,False,False,False,False,True,True,False,False,False,False,False,False,False,False,False,False,False,False,False,False,False,False,False,False
0-203-0-11552,Jablonné v Podještědí,"50.771900,14.774700",320.0,13.505737682390704,1996-04-01T00:00:00Z,2008-09-08T23:59:00Z,True,True,False,False,False,False,False,False,False,False,False,False,False,False,False,False,False,False,False,False,False,False,False,False,False,False,False,False,False,False,False,False,False,False,False,False,False,True,True,True,True,True,True,True,True,True,True,False,False,True,True,True,True,True,True,False,True,False,False,False,False,False,False,False,False,False,False,False,True,True,False,True,True,True,True,True,True,False,False,False,True,True,False,True,False,False,False,False,False,True,True,True,True,False,False,False,False,False,False,False
0-203-0-11552,Jablonné v Podještědí,"50.771900,14.774700",320.0,13.505737682390704,2008-09-09T00:00:00Z,2011-07-31T23:59:00Z,True,True,False,False,False,False,False,False,False,False,False,False,False,False,False,False,False,False,False,False,False,False,False,False,False,False,False,False,False,False,False,False,False,False,False,False,False,True,True,True,True,True,True,True,True,True,True,False,False,True,True,True,True,True,True,False,True,False,False,False,False,False,False,False,False,False,False,False,True,True,False,True,True,True,True,True,True,False,False,False,True,True,False,True,False,False,False,False,False,True,True,True,True,False,False,False,False,False,False,False
0-203-0-11552,Jablonné v Podještědí,"50.772060,14.773750",320.0,13.534293731265855,2011-08-01T00:00:00Z,3999-12-31T23:59:00Z,True,True,False,False,False,False,False,False,False,False,False,False,False,False,False,False,False,False,False,False,False,False,False,False,False,False,False,False,False,False,False,False,False,False,False,False,False,True,True,True,True,True,True,True,True,True,True,False,False,True,True,True,True,True,True,False,True,False,False,False,False,False,False,False,False,False,False,False,True,True,False,True,True,True,True,True,True,False,False,False,True,True,False,True,False,False,False,False,False,True,True,True,True,False,False,False,False,False,False,False
0-203-0-11552,Jablonné v Podještědí,"50.770600,14.770600",318.0,13.800560480528038,1956-10-01T00:00:00Z,1970-09-30T23:59:00Z,True,True,False,False,False,False,False,False,False,False,False,False,False,False,False,False,False,False,False,False,False,False,False,False,False,False,False,False,False,False,False,False,False,False,False,False,False,True,True,True,True,True,True,True,True,True,True,False,False,True,True,True,True,True,True,False,True,False,False,False,False,False,False,False,False,False,False,False,True,True,False,True,True,True,True,True,True,False,False,False,True,True,False,True,False,False,False,False,False,True,True,True,True,False,False,False,False,False,False,False
0-20000-0-11603,Liberec,"50.770000,15.024170",397.7,13.952185034790944,2000-01-01T00:00:00Z,2001-05-20T23:59:00Z,True,True,True,True,True,True,True,True,True,True,True,True,True,True,True,True,True,True,True,True,True,True,True,True,True,True,True,True,True,True,True,True,True,True,True,True,True,True,True,True,True,True,True,True,True,True,True,False,False,True,True,True,True,True,True,True,True,True,True,False,False,False,False,False,False,False,False,False,True,True,False,True,True,True,True,True,True,True,True,True,True,True,False,True,True,True,True,True,True,True,True,True,True,True,True,True,True,True,True,True
0-20000-0-11603,Liberec,"50.770000,15.024170",397.7,13.952185034790944,2001-05-21T00:00:00Z,2010-11-09T23:59:00Z,True,True,True,True,True,True,True,True,True,True,True,True,True,True,True,True,True,True,True,True,True,True,True,True,True,True,True,True,True,True,True,True,True,True,True,True,True,True,True,True,True,True,True,True,True,True,True,False,False,True,True,True,True,True,True,True,True,True,True,False,False,False,False,False,False,False,False,False,True,True,False,True,True,True,True,True,True,True,True,True,True,True,False,True,True,True,True,True,True,True,True,True,True,True,True,True,True,True,True,True
0-20000-0-11603,Liberec,"50.769720,15.023890",397.72,13.963397941404544,2013-01-01T00:00:00Z,3999-12-31T23:59:00Z,True,True,True,True,True,True,True,True,True,True,True,True,True,True,True,True,True,True,True,True,True,True,True,True,True,True,True,True,True,True,True,True,True,True,True,True,True,True,True,True,True,True,True,True,True,True,True,False,False,True,True,True,True,True,True,True,True,True,True,False,False,False,False,False,False,False,False,False,True,True,False,True,True,True,True,True,True,True,True,True,True,True,False,True,True,True,True,True,True,True,True,True,True,True,True,True,True,True,True,True
0-20000-0-11603,Liberec,"50.769720,15.023890",397.7,13.963397941404544,2010-11-10T00:00:00Z,2012-12-31T23:59:00Z,True,True,True,True,True,True,True,True,True,True,True,True,True,True,True,True,True,True,True,True,True,True,True,True,True,True,True,True,True,True,True,True,True,True,True,True,True,True,True,True,True,True,True,True,True,True,True,False,False,True,True,True,True,True,True,True,True,True,True,False,False,False,False,False,False,False,False,False,True,True,False,True,True,True,True,True,True,True,True,True,True,True,False,True,True,True,True,True,True,True,True,True,True,True,True,True,True,True,True,True
0-203-0-11403005001,Křižany,"50.740600,14.909400",405.0,13.973533155161856,2002-09-01T00:00:00Z,2005-07-31T23:59:00Z,True,True,False,False,False,False,False,False,False,False,False,False,False,False,False,False,False,False,False,False,False,False,False,False,False,False,False,False,False,False,False,False,False,False,False,False,False,False,False,False,True,False,False,False,False,False,False,False,False,False,True,True,True,True,True,False,True,False,False,False,False,False,False,False,False,False,False,False,True,True,False,True,True,True,True,True,True,False,False,False,True,True,False,False,False,False,False,False,False,False,False,False,False,False,False,False,False,False,False,False
0-203-0-11552,Jablonné v Podještědí,"50.769400,14.768100",320.0,14.015633300425494,1949-10-01T00:00:00Z,1954-07-31T23:59:00Z,True,True,False,False,False,False,False,False,False,False,False,False,False,False,False,False,False,False,False,False,False,False,False,False,False,False,False,False,False,False,False,False,False,False,False,False,False,True,True,True,True,True,True,True,True,True,True,False,False,True,True,True,True,True,True,False,True,False,False,False,False,False,False,False,False,False,False,False,True,True,False,True,True,True,True,True,True,False,False,False,True,True,False,True,False,False,False,False,False,True,True,True,True,False,False,False,False,False,False,False
0-203-0-20410022001,Višňová,"50.965940,15.018140",248.0,14.0179615549397,2008-09-09T00:00:00Z,3999-12-31T23:59:00Z,True,True,False,False,False,False,False,False,False,False,False,False,False,False,False,False,False,False,False,False,False,False,False,False,False,False,False,False,False,False,False,False,False,False,False,False,False,False,False,False,True,False,False,False,False,False,False,False,False,False,True,True,True,True,True,False,True,False,False,False,False,False,False,False,False,False,False,False,True,True,False,True,True,True,True,True,True,False,False,False,True,True,False,False,False,False,False,False,False,False,False,False,False,False,False,False,False,False,False,False
0-203-0-20410022001,Višňová,"50.965800,15.018600",248.0,14.025325192069108,2000-04-01T00:00:00Z,2008-09-08T23:59:00Z,True,True,False,False,False,False,False,False,False,False,False,False,False,False,False,False,False,False,False,False,False,False,False,False,False,False,False,False,False,False,False,False,False,False,False,False,False,False,False,False,True,False,False,False,False,False,False,False,False,False,True,True,True,True,True,False,True,False,False,False,False,False,False,False,False,False,False,False,True,True,False,True,True,True,True,True,True,False,False,False,True,True,False,False,False,False,False,False,False,False,False,False,False,False,False,False,False,False,False,False
0-203-0-11403005001,Křižany,"50.740060,14.907890",405.0,14.026871766734557,2005-08-01T00:00:00Z,2016-11-28T23:59:00Z,True,True,False,False,False,False,False,False,False,False,False,False,False,False,False,False,False,False,False,False,False,False,False,False,False,False,False,False,False,False,False,False,False,False,False,False,False,False,False,False,True,False,False,False,False,False,False,False,False,False,True,True,True,True,True,False,True,False,False,False,False,False,False,False,False,False,False,False,True,True,False,True,True,True,True,True,True,False,False,False,True,True,False,False,False,False,False,False,False,False,False,False,False,False,False,False,False,False,False,False
0-20000-0-11603,Liberec,"50.769200,15.025000",398.0,14.057845003434112,1941-01-01T00:00:00Z,1950-12-31T23:59:00Z,True,True,True,True,True,True,True,True,True,True,True,True,True,True,True,True,True,True,True,True,True,True,True,True,True,True,True,True,True,True,True,True,True,True,True,True,True,True,True,True,True,True,True,True,True,True,True,False,False,True,True,True,True,True,True,True,True,True,True,False,False,False,False,False,False,False,False,False,True,True,False,True,True,True,True,True,True,True,True,True,True,True,False,True,True,True,True,True,True,True,True,True,True,True,True,True,True,True,True,True
0-20000-0-11603,Liberec,"50.769200,15.025000",398.0,14.057845003434112,1951-01-01T00:00:00Z,1960-12-31T23:59:00Z,True,True,True,True,True,True,True,True,True,True,True,True,True,True,True,True,True,True,True,True,True,True,True,True,True,True,True,True,True,True,True,True,True,True,True,True,True,True,True,True,True,True,True,True,True,True,True,False,False,True,True,True,True,True,True,True,True,True,True,False,False,False,False,False,False,False,False,False,True,True,False,True,True,True,True,True,True,True,True,True,True,True,False,True,True,True,True,True,True,True,True,True,True,True,True,True,True,True,True,True
0-20000-0-11603,Liberec,"50.769200,15.025000",398.0,14.057845003434112,1939-01-01T00:00:00Z,1940-12-31T23:59:00Z,True,True,True,True,True,True,True,True,True,True,True,True,True,True,True,True,True,True,True,True,True,True,True,True,True,True,True,True,True,True,True,True,True,True,True,True,True,True,True,True,True,True,True,True,True,True,True,False,False,True,True,True,True,True,True,True,True,True,True,False,False,False,False,False,False,False,False,False,True,True,False,True,True,True,True,True,True,True,True,True,True,True,False,True,True,True,True,True,True,True,True,True,True,True,True,True,True,True,True,True
0-20000-0-11603,Liberec,"50.769200,15.025000",398.0,14.057845003434112,1880-01-01T00:00:00Z,1880-12-31T23:59:00Z,True,True,True,True,True,True,True,True,True,True,True,True,True,True,True,True,True,True,True,True,True,True,True,True,True,True,True,True,True,True,True,True,True,True,True,True,True,True,True,True,True,True,True,True,True,True,True,False,False,True,True,True,True,True,True,True,True,True,True,False,False,False,False,False,False,False,False,False,True,True,False,True,True,True,True,True,True,True,True,True,True,True,False,True,True,True,True,True,True,True,True,True,True,True,True,True,True,True,True,True
0-20000-0-11603,Liberec,"50.769200,15.025000",398.0,14.057845003434112,1961-01-01T00:00:00Z,1999-12-31T23:59:00Z,True,True,True,True,True,True,True,True,True,True,True,True,True,True,True,True,True,True,True,True,True,True,True,True,True,True,True,True,True,True,True,True,True,True,True,True,True,True,True,True,True,True,True,True,True,True,True,False,False,True,True,True,True,True,True,True,True,True,True,False,False,False,False,False,False,False,False,False,True,True,False,True,True,True,True,True,True,True,True,True,True,True,False,True,True,True,True,True,True,True,True,True,True,True,True,True,True,True,True,True
0-203-0-11403005001,Křižany,"50.739700,14.914200",389.0,14.099523731975426,1912-01-01T00:00:00Z,1982-12-31T23:59:00Z,True,True,False,False,False,False,False,False,False,False,False,False,False,False,False,False,False,False,False,False,False,False,False,False,False,False,False,False,False,False,False,False,False,False,False,False,False,False,False,False,True,False,False,False,False,False,False,False,False,False,True,True,True,True,True,False,True,False,False,False,False,False,False,False,False,False,False,False,True,True,False,True,True,True,True,True,True,False,False,False,True,True,False,False,False,False,False,False,False,False,False,False,False,False,False,False,False,False,False,False
0-203-0-11601,Frýdlant,"50.927500,15.072800",315.0,14.143951067256953,1992-11-01T00:00:00Z,1993-12-31T23:59:00Z,True,False,False,False,False,False,False,False,False,False,False,False,False,False,False,False,False,False,False,False,False,False,False,False,False,False,False,False,False,False,False,False,False,False,False,False,False,True,True,True,False,True,True,True,True,True,True,False,False,True,False,False,False,False,False,False,False,True,False,False,False,False,False,False,False,False,False,False,False,True,False,True,False,True,True,True,True,True,True,True,False,True,False,True,True,True,True,True,True,True,True,True,True,False,False,False,False,False,False,False
0-203-0-11403005001,Křižany,"50.738722,14.907056",395.0,14.172146565024192,2016-11-29T00:00:00Z,3999-12-31T23:59:00Z,True,True,False,False,False,False,False,False,False,False,False,False,False,False,False,False,False,False,False,False,False,False,False,False,False,False,False,False,False,False,False,False,False,False,False,False,False,False,False,False,True,False,False,False,False,False,False,False,False,False,True,True,True,True,True,False,True,False,False,False,False,False,False,False,False,False,False,False,True,True,False,True,True,True,True,True,True,False,False,False,True,True,False,False,False,False,False,False,False,False,False,False,False,False,False,False,False,False,False,False
0-203-0-20410022001,"Višňová, Poustka","50.961100,15.033300",233.0,14.287378337029747,1999-08-01T00:00:00Z,2000-03-31T23:59:00Z,True,True,False,False,False,False,False,False,False,False,False,False,False,False,False,False,False,False,False,False,False,False,False,False,False,False,False,False,False,False,False,False,False,False,False,False,False,False,False,False,True,False,False,False,False,False,False,False,False,False,True,True,True,True,True,False,True,False,False,False,False,False,False,False,False,False,False,False,True,True,False,True,True,True,True,True,True,False,False,False,True,True,False,False,False,False,False,False,False,False,False,False,False,False,False,False,False,False,False,False
0-203-0-11403005001,Křižany,"50.737200,14.917500",412.0,14.398601430630329,1983-03-01T00:00:00Z,1998-12-31T23:59:00Z,True,True,False,False,False,False,False,False,False,False,False,False,False,False,False,False,False,False,False,False,False,False,False,False,False,False,False,False,False,False,False,False,False,False,False,False,False,False,False,False,True,False,False,False,False,False,False,False,False,False,True,True,True,True,True,False,True,False,False,False,False,False,False,False,False,False,False,False,True,True,False,True,True,True,True,True,True,False,False,False,True,True,False,False,False,False,False,False,False,False,False,False,False,False,False,False,False,False,False,False
0-203-0-11403005001,Křižany,"50.736100,14.924200",421.0,14.576169275743116,1999-01-01T00:00:00Z,2002-08-31T23:59:00Z,True,True,False,False,False,False,False,False,False,False,False,False,False,False,False,False,False,False,False,False,False,False,False,False,False,False,False,False,False,False,False,False,False,False,False,False,False,False,False,False,True,False,False,False,False,False,False,False,False,False,True,True,True,True,True,False,True,False,False,False,False,False,False,False,False,False,False,False,True,True,False,True,True,True,True,True,True,False,False,False,True,True,False,False,False,False,False,False,False,False,False,False,False,False,False,False,False,False,False,False
0-203-0-11552,Jablonné v Podještědí,"50.763300,14.765300",315.0,14.664946652281184,1970-10-01T00:00:00Z,1996-03-31T23:59:00Z,True,True,False,False,False,False,False,False,False,False,False,False,False,False,False,False,False,False,False,False,False,False,False,False,False,False,False,False,False,False,False,False,False,False,False,False,False,True,True,True,True,True,True,True,True,True,True,False,False,True,True,True,True,True,True,False,True,False,False,False,False,False,False,False,False,False,False,False,True,True,False,True,True,True,True,True,True,False,False,False,True,True,False,True,False,False,False,False,False,True,True,True,True,False,False,False,False,False,False,False
0-203-0-20407027001,"Mníšek, Fojtka","50.813300,15.088300",550.0,14.701989930429638,1997-05-01T00:00:00Z,2003-05-31T23:59:00Z,True,True,False,False,False,False,False,False,False,False,False,False,False,False,False,False,False,False,False,False,False,False,False,False,False,False,False,False,False,False,False,False,False,False,False,False,False,False,False,False,True,False,False,False,False,False,False,False,False,False,True,True,True,True,True,False,True,False,False,False,False,False,False,False,False,False,False,False,True,True,False,True,True,True,True,False,False,False,False,False,True,True,False,False,False,False,False,False,False,False,False,False,False,False,False,False,False,False,False,False
0-203-0-11601,Frýdlant,"50.917850,15.090150",337.0,14.770690921939448,2014-06-05T00:00:00Z,3999-12-31T23:59:00Z,True,False,False,False,False,False,False,False,False,False,False,False,False,False,False,False,False,False,False,False,False,False,False,False,False,False,False,False,False,False,False,False,False,False,False,False,False,True,True,True,False,True,True,True,True,True,True,False,False,True,False,False,False,False,False,False,False,True,False,False,False,False,False,False,False,False,False,False,False,True,False,True,False,True,True,True,True,True,True,True,False,True,False,True,True,True,True,True,True,True,True,True,True,False,False,False,False,False,False,False
0-203-0-11552,Jablonné v Podještědí,"50.760600,14.763100",318.0,14.996023552527236,1954-08-01T00:00:00Z,1956-09-30T23:59:00Z,True,True,False,False,False,False,False,False,False,False,False,False,False,False,False,False,False,False,False,False,False,False,False,False,False,False,False,False,False,False,False,False,False,False,False,False,False,True,True,True,True,True,True,True,True,True,True,False,False,True,True,True,True,True,True,False,True,False,False,False,False,False,False,False,False,False,False,False,True,True,False,True,True,True,True,True,True,False,False,False,True,True,False,True,False,False,False,False,False,True,True,True,True,False,False,False,False,False,False,False
0-203-0-11601,Frýdlant,"50.925600,15.088600",336.0,15.029268593270466,1965-11-01T00:00:00Z,1965-12-31T23:59:00Z,True,False,False,False,False,False,False,False,False,False,False,False,False,False,False,False,False,False,False,False,False,False,False,False,False,False,False,False,False,False,False,False,False,False,False,False,False,True,True,True,False,True,True,True,True,True,True,False,False,True,False,False,False,False,False,False,False,True,False,False,False,False,False,False,False,False,False,False,False,True,False,True,False,True,True,True,True,True,True,True,False,True,False,True,True,True,True,True,True,True,True,True,True,False,False,False,False,False,False,False
0-203-0-11601,Frýdlant,"50.925600,15.088600",336.0,15.029268593270466,1967-05-01T00:00:00Z,1967-11-30T23:59:00Z,True,False,False,False,False,False,False,False,False,False,False,False,False,False,False,False,False,False,False,False,False,False,False,False,False,False,False,False,False,False,False,False,False,False,False,False,False,True,True,True,False,True,True,True,True,True,True,False,False,True,False,False,False,False,False,False,False,True,False,False,False,False,False,False,False,False,False,False,False,True,False,True,False,True,True,True,True,True,True,True,False,True,False,True,True,True,True,True,True,True,True,True,True,False,False,False,False,False,False,False
0-203-0-11601,Frýdlant,"50.925600,15.088600",336.0,15.029268593270466,1970-04-01T00:00:00Z,1970-07-31T23:59:00Z,True,False,False,False,False,False,False,False,False,False,False,False,False,False,False,False,False,False,False,False,False,False,False,False,False,False,False,False,False,False,False,False,False,False,False,False,False,True,True,True,False,True,True,True,True,True,True,False,False,True,False,False,False,False,False,False,False,True,False,False,False,False,False,False,False,False,False,False,False,True,False,True,False,True,True,True,True,True,True,True,False,True,False,True,True,True,True,True,True,True,True,True,True,False,False,False,False,False,False,False
0-203-0-11601,Frýdlant,"50.925600,15.088600",336.0,15.029268593270466,1962-01-01T00:00:00Z,1962-09-30T23:59:00Z,True,False,False,False,False,False,False,False,False,False,False,False,False,False,False,False,False,False,False,False,False,False,False,False,False,False,False,False,False,False,False,False,False,False,False,False,False,True,True,True,False,True,True,True,True,True,True,False,False,True,False,False,False,False,False,False,False,True,False,False,False,False,False,False,False,False,False,False,False,True,False,True,False,True,True,True,True,True,True,True,False,True,False,True,True,True,True,True,True,True,True,True,True,False,False,False,False,False,False,False
0-203-0-11601,Frýdlant,"50.925600,15.088600",336.0,15.029268593270466,1966-04-01T00:00:00Z,1967-03-31T23:59:00Z,True,False,False,False,False,False,False,False,False,False,False,False,False,False,False,False,False,False,False,False,False,False,False,False,False,False,False,False,False,False,False,False,False,False,False,False,False,True,True,True,False,True,True,True,True,True,True,False,False,True,False,False,False,False,False,False,False,True,False,False,False,False,False,False,False,False,False,False,False,True,False,True,False,True,True,True,True,True,True,True,False,True,False,True,True,True,True,True,True,True,True,True,True,False,False,False,False,False,False,False
0-203-0-11601,Frýdlant,"50.925600,15.088600",336.0,15.029268593270466,1962-11-08T00:00:00Z,1965-09-30T23:59:00Z,True,False,False,False,False,False,False,False,False,False,False,False,False,False,False,False,False,False,False,False,False,False,False,False,False,False,False,False,False,False,False,False,False,False,False,False,False,True,True,True,False,True,True,True,True,True,True,False,False,True,False,False,False,False,False,False,False,True,False,False,False,False,False,False,False,False,False,False,False,True,False,True,False,True,True,True,True,True,True,True,False,True,False,True,True,True,True,True,True,True,True,True,True,False,False,False,False,False,False,False
0-203-0-11552,Jablonné v Podještědí,"50.763380,14.754110",311.0,15.163886302503277,1922-10-01T00:00:00Z,1948-12-31T23:59:00Z,True,True,False,False,False,False,False,False,False,False,False,False,False,False,False,False,False,False,False,False,False,False,False,False,False,False,False,False,False,False,False,False,False,False,False,False,False,True,True,True,True,True,True,True,True,True,True,False,False,True,True,True,True,True,True,False,True,False,False,False,False,False,False,False,False,False,False,False,True,True,False,True,True,True,True,True,True,False,False,False,True,True,False,True,False,False,False,False,False,True,True,True,True,False,False,False,False,False,False,False
0-203-0-11552,Jablonné v Podještědí,"50.763380,14.754100",311.0,15.16434905655275,1949-01-01T00:00:00Z,1949-09-30T23:59:00Z,True,True,False,False,False,False,False,False,False,False,False,False,False,False,False,False,False,False,False,False,False,False,False,False,False,False,False,False,False,False,False,False,False,False,False,False,False,True,True,True,True,True,True,True,True,True,True,False,False,True,True,True,True,True,True,False,True,False,False,False,False,False,False,False,False,False,False,False,True,True,False,True,True,True,True,True,True,False,False,False,True,True,False,True,False,False,False,False,False,True,True,True,True,False,False,False,False,False,False,False
0-203-0-11601,Frýdlant,"50.930210,15.089500",350.0,15.317489344678297,1989-01-01T00:00:00Z,1992-10-31T23:59:00Z,True,False,False,False,False,False,False,False,False,False,False,False,False,False,False,False,False,False,False,False,False,False,False,False,False,False,False,False,False,False,False,False,False,False,False,False,False,True,True,True,False,True,True,True,True,True,True,False,False,True,False,False,False,False,False,False,False,True,False,False,False,False,False,False,False,False,False,False,False,True,False,True,False,True,True,True,True,True,True,True,False,True,False,True,True,True,True,True,True,True,True,True,True,False,False,False,False,False,False,False
0-203-0-20410022001,"Višňová, Předlánce","50.971700,15.040600",230.0,15.508706729958563,1995-08-01T00:00:00Z,1999-03-31T23:59:00Z,True,True,False,False,False,False,False,False,False,False,False,False,False,False,False,False,False,False,False,False,False,False,False,False,False,False,False,False,False,False,False,False,False,False,False,False,False,False,False,False,True,False,False,False,False,False,False,False,False,False,True,True,True,True,True,False,True,False,False,False,False,False,False,False,False,False,False,False,True,True,False,True,True,True,True,True,True,False,False,False,True,True,False,False,False,False,False,False,False,False,False,False,False,False,False,False,False,False,False,False
0-203-0-11553,Ještěd,"50.732800,14.986400",1012.0,16.10802924894935,1968-04-01T00:00:00Z,1970-10-31T23:59:00Z,True,False,False,False,False,False,False,False,False,False,False,False,False,False,False,False,False,False,False,False,False,False,False,False,False,False,False,False,False,False,False,False,False,False,False,False,False,False,False,True,False,False,False,True,True,False,False,False,False,True,False,False,False,False,False,False,False,False,False,False,False,False,False,False,False,False,False,False,False,True,False,True,False,True,True,False,False,True,False,False,False,True,False,True,False,False,False,False,False,True,True,False,True,False,False,False,False,False,False,False
0-203-0-11553,Ještěd,"50.732800,14.986400",1012.0,16.10802924894935,1971-01-01T00:00:00Z,1971-12-31T23:59:00Z,True,False,False,False,False,False,False,False,False,False,False,False,False,False,False,False,False,False,False,False,False,False,False,False,False,False,False,False,False,False,False,False,False,False,False,False,False,False,False,True,False,False,False,True,True,False,False,False,False,True,False,False,False,False,False,False,False,False,False,False,False,False,False,False,False,False,False,False,False,True,False,True,False,True,True,False,False,True,False,False,False,True,False,True,False,False,False,False,False,True,True,False,True,False,False,False,False,False,False,False
0-203-0-11553,Ještěd,"50.732800,14.986400",1012.0,16.10802924894935,1978-01-01T00:00:00Z,1979-09-30T23:59:00Z,True,False,False,False,False,False,False,False,False,False,False,False,False,False,False,False,False,False,False,False,False,False,False,False,False,False,False,False,False,False,False,False,False,False,False,False,False,False,False,True,False,False,False,True,True,False,False,False,False,True,False,False,False,False,False,False,False,False,False,False,False,False,False,False,False,False,False,False,False,True,False,True,False,True,True,False,False,True,False,False,False,True,False,True,False,False,False,False,False,True,True,False,True,False,False,False,False,False,False,False
0-203-0-11553,Ještěd,"50.732800,14.986400",1012.0,16.10802924894935,1922-11-01T00:00:00Z,1945-12-31T23:59:00Z,True,False,False,False,False,False,False,False,False,False,False,False,False,False,False,False,False,False,False,False,False,False,False,False,False,False,False,False,False,False,False,False,False,False,False,False,False,False,False,True,False,False,False,True,True,False,False,False,False,True,False,False,False,False,False,False,False,False,False,False,False,False,False,False,False,False,False,False,False,True,False,True,False,True,True,False,False,True,False,False,False,True,False,True,False,False,False,False,False,True,True,False,True,False,False,False,False,False,False,False
0-203-0-20407014001,Liberec,"50.767000,15.067000",410.0,16.27968352990781,1936-01-01T00:00:00Z,1954-12-31T23:59:00Z,True,False,False,False,False,False,False,False,False,False,False,False,False,False,False,False,False,False,False,False,False,False,False,False,False,False,False,False,False,False,False,False,False,False,False,False,False,False,False,True,False,False,False,True,True,False,False,False,False,True,False,False,False,False,False,False,False,True,False,False,False,False,False,False,False,False,False,False,False,True,False,True,False,True,True,False,False,False,False,False,False,True,False,True,False,False,False,False,False,True,True,False,True,False,False,False,False,False,False,False
0-203-0-11600,"Višňová, Andělka","51.000800,14.989400",298.0,16.34894492937265,1983-11-01T00:00:00Z,1993-03-31T23:59:00Z,True,False,False,False,False,False,False,False,False,False,False,False,False,False,False,False,False,False,False,False,False,False,False,False,False,False,False,False,False,False,False,False,False,False,False,False,False,False,False,True,False,False,False,True,True,False,False,False,False,True,False,False,False,False,False,False,False,False,False,False,False,False,False,False,False,False,False,False,False,True,False,True,False,True,True,False,False,False,False,False,False,True,False,True,False,False,False,False,False,True,True,False,True,False,False,False,False,False,False,False
0-20000-0-11603,"Liberec, Horní Hanychov","50.739100,15.016600",500.0,16.449681235994746,1897-01-01T00:00:00Z,1938-12-31T23:59:00Z,True,True,True,True,True,True,True,True,True,True,True,True,True,True,True,True,True,True,True,True,True,True,True,True,True,True,True,True,True,True,True,True,True,True,True,True,True,True,True,True,True,True,True,True,True,True,True,False,False,True,True,True,True,True,True,True,True,True,True,False,False,False,False,False,False,False,False,False,True,True,False,True,True,True,True,True,True,True,True,True,True,True,False,True,True,True,True,True,True,True,True,True,True,True,True,True,True,True,True,True
0-203-0-11403041001,Mařenice,"50.805000,14.682800",400.0,16.453807049940806,1948-07-01T00:00:00Z,2002-01-31T23:59:00Z,True,True,False,False,False,False,False,False,False,False,False,False,False,False,False,False,False,False,False,False,False,False,False,False,False,False,False,False,False,False,False,False,False,False,False,False,False,False,False,False,True,False,False,False,False,False,False,False,False,False,True,True,True,True,True,False,True,False,False,False,False,False,False,False,False,False,False,False,True,True,False,True,True,True,True,True,True,False,False,False,True,True,False,False,False,False,False,False,False,False,False,False,False,False,False,False,False,False,False,False
0-203-0-11600,"Višňová, Andělka","51.002500,14.990300",298.0,16.547400100757432,1973-01-01T00:00:00Z,1983-10-31T23:59:00Z,True,False,False,False,False,False,False,False,False,False,False,False,False,False,False,False,False,False,False,False,False,False,False,False,False,False,False,False,False,False,False,False,False,False,False,False,False,False,False,True,False,False,False,True,True,False,False,False,False,True,False,False,False,False,False,False,False,False,False,False,False,False,False,False,False,False,False,False,False,True,False,True,False,True,True,False,False,False,False,False,False,True,False,True,False,False,False,False,False,True,True,False,True,False,False,False,False,False,False,False
0-203-0-11600,"Višňová, Andělka","51.002500,14.990300",298.0,16.547400100757432,1968-02-01T00:00:00Z,1972-06-30T23:59:00Z,True,False,False,False,False,False,False,False,False,False,False,False,False,False,False,False,False,False,False,False,False,False,False,False,False,False,False,False,False,False,False,False,False,False,False,False,False,False,False,True,False,False,False,True,True,False,False,False,False,True,False,False,False,False,False,False,False,False,False,False,False,False,False,False,False,False,False,False,False,True,False,True,False,True,True,False,False,False,False,False,False,True,False,True,False,False,False,False,False,True,True,False,True,False,False,False,False,False,False,False
0-203-0-11403041001,Mařenice,"50.810300,14.677200",395.0,16.583117781327875,2002-02-01T00:00:00Z,2005-07-31T23:59:00Z,True,True,False,False,False,False,False,False,False,False,False,False,False,False,False,False,False,False,False,False,False,False,False,False,False,False,False,False,False,False,False,False,False,False,False,False,False,False,False,False,True,False,False,False,False,False,False,False,False,False,True,True,True,True,True,False,True,False,False,False,False,False,False,False,False,False,False,False,True,True,False,True,True,True,True,True,True,False,False,False,True,True,False,False,False,False,False,False,False,False,False,False,False,False,False,False,False,False,False,False
0-203-0-11403041001,Mařenice,"50.809670,14.676000",395.0,16.68757752151316,2005-08-01T00:00:00Z,3999-12-31T23:59:00Z,True,True,False,False,False,False,False,False,False,False,False,False,False,False,False,False,False,False,False,False,False,False,False,False,False,False,False,False,False,False,False,False,False,False,False,False,False,False,False,False,True,False,False,False,False,False,False,False,False,False,True,True,True,True,True,False,True,False,False,False,False,False,False,False,False,False,False,False,True,True,False,True,True,True,True,True,True,False,False,False,True,True,False,False,False,False,False,False,False,False,False,False,False,False,False,False,False,False,False,False
0-203-0-11602,Bedřichov,"50.815110,15.137080",777.0,17.830442562354186,2004-12-01T00:00:00Z,3999-12-31T23:59:00Z,True,True,False,False,False,False,False,False,False,False,False,False,False,False,False,False,False,False,False,False,False,False,False,False,False,False,False,False,False,False,False,False,False,False,False,False,False,True,True,True,True,True,True,True,True,True,True,False,False,True,True,True,True,True,True,False,True,True,False,False,False,False,False,False,False,False,False,False,True,True,False,True,True,True,True,True,True,True,True,True,True,True,False,True,True,True,True,True,True,True,True,True,True,False,False,False,False,False,False,False
0-203-0-11602,Bedřichov,"50.815000,15.137200",775.0,17.842335554030864,1954-10-01T00:00:00Z,1965-12-31T23:59:00Z,True,True,False,False,False,False,False,False,False,False,False,False,False,False,False,False,False,False,False,False,False,False,False,False,False,False,False,False,False,False,False,False,False,False,False,False,False,True,True,True,True,True,True,True,True,True,True,False,False,True,True,True,True,True,True,False,True,True,False,False,False,False,False,False,False,False,False,False,True,True,False,True,True,True,True,True,True,True,True,True,True,True,False,True,True,True,True,True,True,True,True,True,True,False,False,False,False,False,False,False
0-203-0-11602,Bedřichov,"50.815000,15.137200",778.0,17.842335554030864,1966-01-01T00:00:00Z,1997-12-31T23:59:00Z,True,True,False,False,False,False,False,False,False,False,False,False,False,False,False,False,False,False,False,False,False,False,False,False,False,False,False,False,False,False,False,False,False,False,False,False,False,True,True,True,True,True,True,True,True,True,True,False,False,True,True,True,True,True,True,False,True,True,False,False,False,False,False,False,False,False,False,False,True,True,False,True,True,True,True,True,True,True,True,True,True,True,False,True,True,True,True,True,True,True,True,True,True,False,False,False,False,False,False,False
0-203-0-11602,Bedřichov,"50.815000,15.137200",777.0,17.842335554030864,1998-01-01T00:00:00Z,2004-11-30T23:59:00Z,True,True,False,False,False,False,False,False,False,False,False,False,False,False,False,False,False,False,False,False,False,False,False,False,False,False,False,False,False,False,False,False,False,False,False,False,False,True,True,True,True,True,True,True,True,True,True,False,False,True,True,True,True,True,True,False,True,True,False,False,False,False,False,False,False,False,False,False,True,True,False,True,True,True,True,True,True,True,True,True,True,True,False,True,True,True,True,True,True,True,True,True,True,False,False,False,False,False,False,False
0-203-0-20410027001,Pertoltice,"50.980600,15.090300",310.0,18.637675803842072,1996-05-01T00:00:00Z,2007-10-31T23:59:00Z,True,False,False,False,False,False,False,False,False,False,False,False,False,False,False,False,False,False,False,False,False,False,False,False,False,False,False,False,False,False,False,False,False,False,False,False,False,False,False,True,False,False,False,True,True,False,False,False,False,True,False,False,False,False,False,False,False,False,False,False,False,False,False,False,False,False,False,False,False,True,False,True,False,True,True,False,False,False,False,False,False,True,False,True,False,False,False,False,False,True,True,False,True,False,False,False,False,False,False,False
0-203-0-11602,Bedřichov,"50.816700,15.150000",778.0,18.63994095727972,1943-04-01T00:00:00Z,1945-02-28T23:59:00Z,True,True,False,False,False,False,False,False,False,False,False,False,False,False,False,False,False,False,False,False,False,False,False,False,False,False,False,False,False,False,False,False,False,False,False,False,False,True,True,True,True,True,True,True,True,True,True,False,False,True,True,True,True,True,True,False,True,True,False,False,False,False,False,False,False,False,False,False,True,True,False,True,True,True,True,True,True,True,True,True,True,True,False,True,True,True,True,True,True,True,True,True,True,False,False,False,False,False,False,False
0-203-0-11602,"Bedřichov, Nová Louka","50.816700,15.150000",780.0,18.63994095727972,1897-01-01T00:00:00Z,1937-12-31T23:59:00Z,True,True,False,False,False,False,False,False,False,False,False,False,False,False,False,False,False,False,False,False,False,False,False,False,False,False,False,False,False,False,False,False,False,False,False,False,False,True,True,True,True,True,True,True,True,True,True,False,False,True,True,True,True,True,True,False,True,True,False,False,False,False,False,False,False,False,False,False,True,True,False,True,True,True,True,True,True,True,True,True,True,True,False,True,True,True,True,True,True,True,True,True,True,False,False,False,False,False,False,False
0-203-0-11602,Bedřichov,"50.816700,15.150000",778.0,18.63994095727972,1945-07-01T00:00:00Z,1945-12-31T23:59:00Z,True,True,False,False,False,False,False,False,False,False,False,False,False,False,False,False,False,False,False,False,False,False,False,False,False,False,False,False,False,False,False,False,False,False,False,False,False,True,True,True,True,True,True,True,True,True,True,False,False,True,True,True,True,True,True,False,True,True,False,False,False,False,False,False,False,False,False,False,True,True,False,True,True,True,True,True,True,True,True,True,True,True,False,True,True,True,True,True,True,True,True,True,True,False,False,False,False,False,False,False
0-203-0-11602,"Bedřichov, Nová Louka","50.816700,15.150000",780.0,18.63994095727972,1938-01-01T00:00:00Z,1943-03-31T23:59:00Z,True,True,False,False,False,False,False,False,False,False,False,False,False,False,False,False,False,False,False,False,False,False,False,False,False,False,False,False,False,False,False,False,False,False,False,False,False,True,True,True,True,True,True,True,True,True,True,False,False,True,True,True,True,True,True,False,True,True,False,False,False,False,False,False,False,False,False,False,True,True,False,True,True,True,True,True,True,True,True,True,True,True,False,True,True,True,True,True,True,True,True,True,True,False,False,False,False,False,False,False
0-203-0-11602,Bedřichov,"50.816700,15.150000",775.0,18.63994095727972,1948-03-01T00:00:00Z,1949-07-31T23:59:00Z,True,True,False,False,False,False,False,False,False,False,False,False,False,False,False,False,False,False,False,False,False,False,False,False,False,False,False,False,False,False,False,False,False,False,False,False,False,True,True,True,True,True,True,True,True,True,True,False,False,True,True,True,True,True,True,False,True,True,False,False,False,False,False,False,False,False,False,False,True,True,False,True,True,True,True,True,True,True,True,True,True,True,False,True,True,True,True,True,True,True,True,True,True,False,False,False,False,False,False,False
0-203-0-11557,Stráž pod Ralskem,"50.703610,14.807390",310.0,19.10674372705331,2004-12-01T00:00:00Z,3999-12-31T23:59:00Z,True,True,False,False,False,False,False,False,False,False,False,False,False,False,False,False,False,False,False,False,False,False,False,False,False,False,False,False,False,False,False,False,False,False,False,False,False,True,True,True,True,True,True,True,True,True,True,False,False,True,True,True,True,True,True,False,True,False,False,False,False,False,False,False,False,False,False,False,True,True,False,True,True,True,True,True,True,True,True,True,True,True,False,True,True,True,True,True,True,True,True,True,True,False,False,False,False,False,False,False
0-203-0-11551,Varnsdorf,"50.891100,14.626700",360.0,19.118126424004988,1967-05-01T00:00:00Z,1967-08-24T23:59:00Z,True,True,False,False,False,False,False,False,False,False,False,False,False,False,False,False,False,False,False,False,False,False,False,False,False,False,False,False,False,False,False,False,False,False,False,False,False,True,True,True,True,True,True,True,True,True,True,False,False,True,True,True,True,True,True,False,True,False,False,False,False,False,False,False,False,False,False,False,True,True,False,True,True,True,True,True,True,True,True,True,True,True,False,True,True,True,True,True,True,True,True,True,True,False,False,False,False,False,False,False
0-203-0-11557,Stráž pod Ralskem,"50.703300,14.808300",310.0,19.11853854745653,1947-11-01T00:00:00Z,1965-12-31T23:59:00Z,True,True,False,False,False,False,False,False,False,False,False,False,False,False,False,False,False,False,False,False,False,False,False,False,False,False,False,False,False,False,False,False,False,False,False,False,False,True,True,True,True,True,True,True,True,True,True,False,False,True,True,True,True,True,True,False,True,False,False,False,False,False,False,False,False,False,False,False,True,True,False,True,True,True,True,True,True,True,True,True,True,True,False,True,True,True,True,True,True,True,True,True,True,False,False,False,False,False,False,False
0-203-0-11557,Stráž pod Ralskem,"50.703300,14.808300",310.0,19.11853854745653,1966-11-01T00:00:00Z,2004-11-30T23:59:00Z,True,True,False,False,False,False,False,False,False,False,False,False,False,False,False,False,False,False,False,False,False,False,False,False,False,False,False,False,False,False,False,False,False,False,False,False,False,True,True,True,True,True,True,True,True,True,True,False,False,True,True,True,True,True,True,False,True,False,False,False,False,False,False,False,False,False,False,False,True,True,False,True,True,True,True,True,True,True,True,True,True,True,False,True,True,True,True,True,True,True,True,True,True,False,False,False,False,False,False,False
0-203-0-11557,Stráž pod Ralskem,"50.703300,14.808300",310.0,19.11853854745653,1897-01-01T00:00:00Z,1940-12-31T23:59:00Z,True,True,False,False,False,False,False,False,False,False,False,False,False,False,False,False,False,False,False,False,False,False,False,False,False,False,False,False,False,False,False,False,False,False,False,False,False,True,True,True,True,True,True,True,True,True,True,False,False,True,True,True,True,True,True,False,True,False,False,False,False,False,False,False,False,False,False,False,True,True,False,True,True,True,True,True,True,True,True,True,True,True,False,True,True,True,True,True,True,True,True,True,True,False,False,False,False,False,False,False
0-203-0-10501059001,"Bedřichov, Nová louka","50.814450,15.158215",780.0,19.26538163283805,2015-01-01T00:00:00Z,3999-12-31T23:59:00Z,True,False,False,False,False,False,False,False,False,False,False,False,False,False,False,False,False,False,False,False,False,False,False,False,False,False,False,False,False,False,False,False,False,False,False,False,False,False,False,False,False,False,False,False,False,False,False,False,False,False,False,False,False,False,False,False,False,False,False,False,False,False,False,False,True,True,False,False,False,True,False,True,False,False,True,True,True,False,False,False,False,True,False,True,False,False,False,False,False,True,True,False,False,False,False,False,False,False,False,False
0-203-0-10501059001,"Bedřichov, Nová louka","50.814450,15.158215",780.0,19.26538163283805,1983-06-01T00:00:00Z,1996-12-31T23:59:00Z,True,False,False,False,False,False,False,False,False,False,False,False,False,False,False,False,False,False,False,False,False,False,False,False,False,False,False,False,False,False,False,False,False,False,False,False,False,False,False,False,False,False,False,False,False,False,False,False,False,False,False,False,False,False,False,False,False,False,False,False,False,False,False,False,True,True,False,False,False,True,False,True,False,False,True,True,True,False,False,False,False,True,False,True,False,False,False,False,False,True,True,False,False,False,False,False,False,False,False,False
0-203-0-10501059001,"Bedřichov, Nová louka","50.814450,15.158215",780.0,19.26538163283805,1997-01-01T00:00:00Z,2014-12-31T23:59:00Z,True,False,False,False,False,False,False,False,False,False,False,False,False,False,False,False,False,False,False,False,False,False,False,False,False,False,False,False,False,False,False,False,False,False,False,False,False,False,False,False,False,False,False,False,False,False,False,False,False,False,False,False,False,False,False,False,False,False,False,False,False,False,False,False,True,True,False,False,False,True,False,True,False,False,True,True,True,False,False,False,False,True,False,True,False,False,False,False,False,True,True,False,False,False,False,False,False,False,False,False
0-203-0-11551,Varnsdorf,"50.903100,14.627500",330.0,19.300829990773376,1967-08-25T00:00:00Z,2002-08-22T23:59:00Z,True,True,False,False,False,False,False,False,False,False,False,False,False,False,False,False,False,False,False,False,False,False,False,False,False,False,False,False,False,False,False,False,False,False,False,False,False,True,True,True,True,True,True,True,True,True,True,False,False,True,True,True,True,True,True,False,True,False,False,False,False,False,False,False,False,False,False,False,True,True,False,True,True,True,True,True,True,True,True,True,True,True,False,True,True,True,True,True,True,True,True,True,True,False,False,False,False,False,False,False
0-203-0-11551,Varnsdorf,"50.913900,14.622500",338.0,19.928336807583538,1953-05-01T00:00:00Z,1967-04-30T23:59:00Z,True,True,False,False,False,False,False,False,False,False,False,False,False,False,False,False,False,False,False,False,False,False,False,False,False,False,False,False,False,False,False,False,False,False,False,False,False,True,True,True,True,True,True,True,True,True,True,False,False,True,True,True,True,True,True,False,True,False,False,False,False,False,False,False,False,False,False,False,True,True,False,True,True,True,True,True,True,True,True,True,True,True,False,True,True,True,True,True,True,True,True,True,True,False,False,False,False,False,False,False
0-203-0-11551,Varnsdorf,"50.900000,14.616700",332.0,19.974123649739212,1952-03-01T00:00:00Z,1952-03-31T23:59:00Z,True,True,False,False,False,False,False,False,False,False,False,False,False,False,False,False,False,False,False,False,False,False,False,False,False,False,False,False,False,False,False,False,False,False,False,False,False,True,True,True,True,True,True,True,True,True,True,False,False,True,True,True,True,True,True,False,True,False,False,False,False,False,False,False,False,False,False,False,True,True,False,True,True,True,True,True,True,True,True,True,True,True,False,True,True,True,True,True,True,True,True,True,True,False,False,False,False,False,False,False
0-203-0-11551,Varnsdorf,"50.900000,14.616700",332.0,19.974123649739212,1907-05-01T00:00:00Z,1938-08-31T23:59:00Z,True,True,False,False,False,False,False,False,False,False,False,False,False,False,False,False,False,False,False,False,False,False,False,False,False,False,False,False,False,False,False,False,False,False,False,False,False,True,True,True,True,True,True,True,True,True,True,False,False,True,True,True,True,True,True,False,True,False,False,False,False,False,False,False,False,False,False,False,True,True,False,True,True,True,True,True,True,True,True,True,True,True,False,True,True,True,True,True,True,True,True,True,True,False,False,False,False,False,False,False
0-203-0-11551,Varnsdorf,"50.900000,14.616700",332.0,19.974123649739212,1951-06-01T00:00:00Z,1951-12-31T23:59:00Z,True,True,False,False,False,False,False,False,False,False,False,False,False,False,False,False,False,False,False,False,False,False,False,False,False,False,False,False,False,False,False,False,False,False,False,False,False,True,True,True,True,True,True,True,True,True,True,False,False,True,True,True,True,True,True,False,True,False,False,False,False,False,False,False,False,False,False,False,True,True,False,True,True,True,True,True,True,True,True,True,True,True,False,True,True,True,True,True,True,True,True,True,True,False,False,False,False,False,False,False
